{
    "n_layers": 2,
    "hidden_size": 9,
    "dropout_rate": 0.3640242504825244,
    "activation": "ELU",
    "optimizer": "RMSprop",
    "lr": 0.007546045147486264,
    "batch_size": 32
}